{
  "grid": {
    "total_points": 1969,
    "scored_points": 1399,
    "coverage_ratio": 0.7105129507364144,
    "count": 1969,
    "min_lat": 42.31432220625224,
    "min_lon": -71.35293777714999,
    "max_lat": 42.763477793747896,
    "max_lon": -70.74326222285016,
    "min_score": 0.04485051420581636,
    "max_score": 0.5712887576387573,
    "mean_score": 0.2840220215320437
  },
  "heatmap": {
    "count": 1399,
    "min_lat": 42.31432220625224,
    "min_lon": -71.35293777714999,
    "max_lat": 42.763477793747896,
    "max_lon": -70.75524492288002,
    "min_score": 0.04485051420581636,
    "max_score": 0.5712887576387573,
    "mean_score": 0.2840220215320437
  }
}