pair_id,origin_lat,origin_lon,dest_lat,dest_lon,route_count,scenic_best_index,scenic_best_score,scenic_best_effective_score,scenic_best_coverage,scenic_best_distance_m,shortest_index,shortest_distance_m,shortest_duration_s,shortest_scenic_score,shortest_effective_score,distance_delta_m
pair_1,42.5389,-71.0481,42.6557,-70.6206,1,0,0.3595659466106051,0.05579471585336976,0.15517241379310345,45716.7,0,45716.7,2451.2,0.3595659466106051,0.05579471585336976,0.0
pair_2,42.541,-71.12,42.61,-70.9,2,0,0.3107858611366942,0.04316470293565197,0.1388888888888889,30303.2,1,29482.7,2086,0.31416868487199395,0.03490763165244377,820.5
pair_3,42.47,-71.1,42.7,-70.85,2,1,0.3422928480977428,0.08122203175200676,0.23728813559322035,50089.7,0,44287.3,2809.3,0.2769480066295708,0.040388250966812415,5802.399999999994
pair_4,42.6,-71.2,42.68,-70.88,2,0,0.3379239774889433,0.04096048211987192,0.12121212121212122,37517.1,0,37517.1,3228.9,0.3379239774889433,0.04096048211987192,0.0
pair_5,42.4,-71.05,42.72,-70.84,2,1,0.31458100191164223,0.08903235903159686,0.2830188679245283,45779.4,1,45779.4,3421.7,0.31458100191164223,0.08903235903159686,0.0
