pair_id,origin_lat,origin_lon,dest_lat,dest_lon,route_count,scenic_best_index,scenic_best_score,scenic_best_effective_score,scenic_best_coverage,scenic_best_distance_m,shortest_index,shortest_distance_m,shortest_duration_s,shortest_scenic_score,shortest_effective_score,distance_delta_m
pair_1,42.5389,-71.0481,42.6557,-70.6206,1,0,0.6003107066415301,0.09315166137540984,0.15517241379310345,45716.7,0,45716.7,2451.2,0.6003107066415301,0.09315166137540984,0.0
pair_2,42.541,-71.12,42.61,-70.9,2,0,0.5603418806249386,0.07782526119790814,0.1388888888888889,30303.2,1,29482.7,2086,0.5691273599664431,0.06323637332960479,820.5
pair_3,42.47,-71.1,42.7,-70.85,2,1,0.5897857047518905,0.13994915028010962,0.23728813559322035,50089.7,0,44287.3,2809.3,0.522351684228782,0.07617628728336405,5802.399999999994
pair_4,42.6,-71.2,42.68,-70.88,2,0,0.5701776805387646,0.06911244612591086,0.12121212121212122,37517.1,0,37517.1,3228.9,0.5701776805387646,0.06911244612591086,0.0
pair_5,42.4,-71.05,42.72,-70.84,2,1,0.5516343895447307,0.1561229404371879,0.2830188679245283,45779.4,1,45779.4,3421.7,0.5516343895447307,0.1561229404371879,0.0
