pair_id,origin_lat,origin_lon,dest_lat,dest_lon,route_count,scenic_best_index,scenic_best_score,scenic_best_effective_score,scenic_best_coverage,scenic_best_distance_m,shortest_index,shortest_distance_m,shortest_duration_s,shortest_scenic_score,shortest_effective_score,distance_delta_m
pair_1,42.5389,-71.0481,42.6557,-70.6206,1,0,0.2874910564738864,0.04461068117698237,0.15517241379310345,45716.7,0,45716.7,2451.2,0.2874910564738864,0.04461068117698237,0.0
pair_2,42.541,-71.12,42.61,-70.9,2,0,0.2548666716835692,0.035398148844940164,0.1388888888888889,30303.2,1,29482.7,2086,0.25340818682511895,0.028156465202790994,820.5
pair_3,42.47,-71.1,42.7,-70.85,2,1,0.2824989943379772,0.06703365967341832,0.23728813559322035,50089.7,0,44287.3,2809.3,0.2325096172601512,0.03390765251710539,5802.399999999994
pair_4,42.6,-71.2,42.68,-70.88,2,1,0.26359039154764025,0.030650045528795376,0.11627906976744186,44365.1,0,37517.1,3228.9,0.25220315229363083,0.030570079065894647,6848.0
pair_5,42.4,-71.05,42.72,-70.84,2,1,0.25202922375409015,0.07132902559078023,0.2830188679245283,45779.4,1,45779.4,3421.7,0.25202922375409015,0.07132902559078023,0.0
