pair_id,origin_lat,origin_lon,dest_lat,dest_lon,route_count,scenic_best_index,scenic_best_score,scenic_best_effective_score,scenic_best_coverage,scenic_best_distance_m,shortest_index,shortest_distance_m,shortest_duration_s,shortest_scenic_score,shortest_effective_score,distance_delta_m
pair_1,42.5389,-71.0481,42.6557,-70.6206,1,0,0.3300950993071653,0.05122165334076703,0.15517241379310345,45716.7,0,45716.7,2451.2,0.3300950993071653,0.05122165334076703,0.0
pair_2,42.541,-71.12,42.61,-70.9,2,0,0.28995582007475273,0.04027164167704899,0.1388888888888889,30303.2,1,29482.7,2086,0.2974234845996098,0.03304705384440109,820.5
pair_3,42.47,-71.1,42.7,-70.85,2,1,0.3189970411369973,0.07569421315115189,0.23728813559322035,50089.7,0,44287.3,2809.3,0.26539940216364816,0.03870407948219869,5802.399999999994
pair_4,42.6,-71.2,42.68,-70.88,2,0,0.3123231299505883,0.0378573490849198,0.12121212121212122,37517.1,0,37517.1,3228.9,0.3123231299505883,0.0378573490849198,0.0
pair_5,42.4,-71.05,42.72,-70.84,2,1,0.29194280926016763,0.08262532337551914,0.2830188679245283,45779.4,1,45779.4,3421.7,0.29194280926016763,0.08262532337551914,0.0
