pair_id,origin_lat,origin_lon,dest_lat,dest_lon,route_count,scenic_best_index,scenic_best_score,scenic_best_effective_score,scenic_best_coverage,scenic_best_distance_m,shortest_index,shortest_distance_m,shortest_duration_s,shortest_scenic_score,shortest_effective_score,distance_delta_m
pair_1,42.5389,-71.0481,42.6557,-70.6206,1,0,0.3303043363675495,0.05125412116048182,0.15517241379310345,45716.7,0,45716.7,2451.2,0.3303043363675495,0.05125412116048182,0.0
pair_2,42.541,-71.12,42.61,-70.9,2,0,0.29009524834372546,0.040291006714406316,0.1388888888888889,30303.2,1,29482.7,2086,0.29707273760636893,0.033008081956263216,820.5
pair_3,42.47,-71.1,42.7,-70.85,2,1,0.31923932462536564,0.07575170414839184,0.23728813559322035,50089.7,0,44287.3,2809.3,0.26579078006707085,0.038761155426447834,5802.399999999994
pair_4,42.6,-71.2,42.68,-70.88,2,0,0.3123006559557402,0.037854624964332145,0.12121212121212122,37517.1,0,37517.1,3228.9,0.3123006559557402,0.037854624964332145,0.0
pair_5,42.4,-71.05,42.72,-70.84,2,1,0.2920754070223194,0.08266285104405265,0.2830188679245283,45779.4,1,45779.4,3421.7,0.2920754070223194,0.08266285104405265,0.0
